{
  "schemaVersion": 1,
  "id": "hucheng_city_expansion",
  "version": "0.4.0",
  "name": "HuchengCityExpansion",
  "authors": [
    "daniu,318"
  ],
  "contact": {
    "homepage": "http://www.mchuchengcity.top",
    "sources": ""
  },
  "license": "Academic Free License v3.0",
  "icon": "assets/hucheng_city_expansion/icon.png",
  "environment": "*",
  "entrypoints": {
    "main": [
      "net.mcreator.huchengcityexpansion.HuchengCityExpansionMod"
    ],
    "client": [
      "net.mcreator.huchengcityexpansion.ClientInit"
    ]
  },
  "depends": {
    "fabricloader": ">=0.14.9",
    "fabric": "*",
    "minecraft": "~1.19",
    "java": ">=17"
  },
  "mixins": [
    "hucheng_city_expansion.mixins.json"
  ]
}