{
  "mappings": {
    "net/mcreator/huchengcityexpansion/mixins/HuchengCityExpansionModRepairItemRecipeMixin": {
      "assemble": "Lnet/minecraft/class_4317;method_20807(Lnet/minecraft/class_1715;)Lnet/minecraft/class_1799;"
    }
  },
  "data": {
    "named:intermediary": {
      "net/mcreator/huchengcityexpansion/mixins/HuchengCityExpansionModRepairItemRecipeMixin": {
        "assemble": "Lnet/minecraft/class_4317;method_20807(Lnet/minecraft/class_1715;)Lnet/minecraft/class_1799;"
      }
    }
  }
}